{"accuracy": 0.6047339757017176, "by_class_rep": {"0": {"precision": 0.8409090909090909, "recall": 0.7570332480818415, "f1-score": 0.7967698519515478, "support": 1955}, "1": {"precision": 0.5323549032688459, "recall": 0.49534450651769085, "f1-score": 0.5131832797427652, "support": 1611}, "2": {"precision": 0.4311377245508982, "recall": 0.508577194752775, "f1-score": 0.46666666666666673, "support": 991}, "3": {"precision": 0.30346820809248554, "recall": 0.4838709677419355, "f1-score": 0.37300177619893427, "support": 217}, "accuracy": 0.6047339757017176, "macro avg": {"precision": 0.5269674817053303, "recall": 0.5612064792735607, "f1-score": 0.5374053936399785, "support": 4774}, "weighted avg": {"precision": 0.6272960008545021, "recall": 0.6047339757017176, "f1-score": 0.6132868404551124, "support": 4774}}}